"group","alleles"
"Mamu-B_007g1","B_007_01_01_01,B_007_02_01_01,B_007_02_01_02,B_007_02_01_03,B_007_02_01_04,B_007_02_02,B_007_02_03,B_007_03_01_01,B_007_03_01_02,B_007_05,B_007_06,B_007_08,B_007_11_01_01"
"Mamu-B_001g1","B_001_01_01_01,B_001_01_01_02,B_001_01_01_03,B_001_01_01_04,B_001_04,B_001_05,B_001_06_01_01,B_001_08"
"Mamu-B_017g","B_017_01_01_01,B_017_01_01_02,B_017_01_02,B_017_02_01_01,B_017_05_01_01,B_017_06,B_017_07"
"Mamu-A1_004g","A1_004_01_01_01,A1_004_01_02,A1_004_01_03,A1_004_02_01,A1_004_02_02,A1_004_05,A1_004_06,A1_004_07"
"Mamu-A1_016g","A1_016_01_01_01,A1_016_02_01_01"
"Mamu-A1_008g1","A1_008_04,A1_105_01"
"Mamu-A1_010g","A1_010_03,A1_010_04"
"Mamu-A1_053g","A1_053_01,A1_053_02,A1_053_03_01_01"
"Mamu-B_069g1","B_069_01_01_01,B_069_01_01_02,B_069_09_01_01,B_069_09_01_02"
"Mamu-B_076g1","B_076_02,B_076_03_01_01,B_076_04_01_01,B_076_05_01_01"
"Mamu-A4_14g1","A4_14_03_01_01,A4_14_03_01_02,A4_14_03_01_03,A4_14_03_01_04,A4_14_03_01_05,A4_14_03_01_06,A4_14_03_01_07,A4_14_03_01_08,A4_14_03_01_09,A4_14_03_01_10,A4_14_03_01_11,A4_14_03_01_12,A4_14_03_01_13,A4_14_03_01_14,A4_14_03_01_15,A4_14_03_01_16,A4_14_03_01_17,A4_14_03_01_18,A4_14_03_01_19,A4_14_03_01_20,A4_14_03_02,A4_14_03_04_01,A4_14_03_05,A4_14_05_01_01,A4_14_05_02_01,A4_14_09,A4_14_14,A4_14_15,A4_14_20_01_01,A4_14_21_01_01"
"Mamu-B_043g","B_043_01_01_01,B_043_01_01_02,B_043_01_01_03"
"Mamu-B_048g1","B_048_01_01_01,B_048_01_01_02,B_048_05_01_01"
"Mamu-B_060g1","B_060_03_01_01,B_060_03_01_02,B_060_03_01_03"
"Mamu-B_072g1","B_072_01_01_01,B_072_01_01_02,B_072_01_01_03,B_072_01_01_04,B_072_01_01_05,B_072_01_01_06,B_072_01_01_07,B_072_01_01_08,B_072_01_01_09,B_072_01_01_10,B_072_01_01_11,B_072_01_02_01,B_072_01_02_02,B_072_01_03,B_072_01_04,B_072_01_05,B_072_02_01_01,B_072_02_01_02,B_072_02_01_03,B_072_04,B_072_08"
"Mamu-B02Ps_01g","B02Ps_01_01,B02Ps_01_04_01_01,B02Ps_01_04_01_02,B02Ps_01_04_01_03,B02Ps_01_04_01_04"
"Mamu-A1_001g1","A1_001_01_01_01,A1_001_01_01_02,A1_001_02"
"Mamu-A1_002g","A1_002_01_01_01,A1_002_01_01_02"
"Mamu-A1_003g1","A1_003_01_01,A1_003_01_03,A1_003_05_01_01,A1_003_06_01_01,A1_003_07_01_01,A1_003_08,A1_003_10,A1_003_12,A1_003_13,A1_003_14,A1_003_16,A1_003_17,A1_003_19_01_01,A1_003_19_01_02"
"Mamu-A1_008g2","A1_008_01_01_01,A1_008_01_02,A1_008_01_03,A1_008_01_04,A1_008_02,A1_008_05,A1_008_06_01_01"
"Mamu-A1_011g","A1_011_01_01_01,A1_011_02,A1_011_03_01_01,A1_011_04_01_01"
"Mamu-A1_019g","A1_019_01_01_01,A1_019_02_01_01,A1_019_02_01_02,A1_019_05_01_01,A1_019_05_01_02,A1_019_07,A1_019_08,A1_019_09,A1_019_10"
"Mamu-A1_063g","A1_063_01_01,A1_063_01_02,A1_063_01_03"
"Mamu-A1_123g","A1_123_01,A1_123_03_01_01,A1_123_04"
"Mamu-A7_01g1","A7_01_02_01_01,A7_01_04_01_01"
"Mamu-B_007g2","B_007_04_01_01,B_007_10"
"Mamu-B_030g1","B_030_01_01_01,B_030_01_01_02,B_030_03_01_01,B_030_03_01_02,B_030_03_02,B_030_03_03_01,B_030_03_03_02,B_030_04_01_01,B_030_06,B_030_07"
"Mamu-B_036g","B_036_01_01_01,B_036_01_01_02,B_036_01_03_01,B_036_02_01_01,B_036_03,B_036_04_01_01,B_036_05"
"Mamu-B_037g","B_037_01_01_01,B_037_01_01_02,B_037_01_01_03,B_037_01_02,B_037_02,B_037_03"
"Mamu-B_039g1","B_039_01_01_01,B_039_01_01_02,B_039_01_01_03,B_039_03_01_01"
"Mamu-B_039g2","B_039_02,B_039_05_01_01"
"Mamu-B_041g","B_041_01_01_01,B_041_01_01_02,B_041_02,B_041_03_01_01"
"Mamu-B_045g1","B_045_03_01_01,B_045_10,B_045_11"
"Mamu-B_056g1","B_056_01_01_01,B_056_01_01_02,B_056_01_01_03,B_056_02_01_01,B_056_02_01_02,B_056_02_01_03,B_056_02_01_04,B_056_04_01_01,B_056_05,B_056_09_01_01"
"Mamu-B_060g2","B_060_01_02_01,B_060_01_02_02,B_060_02_01_01,B_060_02_01_02,B_060_02_01_03,B_060_02_02_01,B_060_04_01_01,B_060_04_01_02,B_060_04_01_03,B_060_04_01_04,B_060_04_01_05,B_060_04_01_06,B_060_04_01_07,B_060_04_01_08,B_060_05_01_01,B_060_07_01_01,B_060_07_01_02,B_060_13_01_01,B_060_14,B_060_15_01_01,B_060_15_01_02,B_060_17,B_060_18_01_01"
"Mamu-B_065g1","B_065_02_01_01,B_065_02_01_02,B_065_03_03,B_065_03_04_01,B_065_04,B_065_06_01_01,B_065_07,B_065_08_01_01"
"Mamu-B_066g","B_066_01_01_01,B_066_01_01_02,B_066_02,B_066_03"
"Mamu-B_069g2","B_069_03_01_01,B_069_03_01_02,B_069_10_01_01"
"Mamu-B_072g2","B_072_10_01_01,B_072_11,B_088_02_01_01"
"Mamu-B_075g1","B_075_04,B_075_05_01_01"
"Mamu-B_091g","B_091_01,B_091_02,B_091_03,B_091_04,B_091_05_01_01,B_091_06"
"Mamu-B_101g1","B_101_02,B_101_03,B_101_06_01"
"Mamu-B_101g2","B_101_05,B_101_06_02_01"
"Mamu-B_117g","B_117_01_01,B_117_01_02_01,B_117_02_01_01,B_117_03_01_01"
"Mamu-I_01g1","I_01_01_01_01,I_01_01_02_01,I_01_01_02_02,I_01_01_03_01,I_01_01_04,I_01_01_05_01,I_01_01_06_01,I_01_02_02_01,I_01_04,I_01_05_01_01,I_01_05_01_02,I_01_05_02,I_01_06_01,I_01_06_02_01,I_01_06_03,I_01_06_04_01,I_01_06_05_01,I_01_06_05_02,I_01_06_06,I_01_06_07,I_01_06_09_01,I_01_06_10,I_01_06_12Sp,I_01_06_13,I_01_06_16_01,I_01_06_17_01,I_01_06_18_01,I_01_06_19,I_01_06_20_01,I_01_06_22_01,I_01_06_23,I_01_06_24_01,I_01_08_01_01,I_01_09_01_01,I_01_09_02,I_01_09_03_01,I_01_09_04_01,I_01_09_04_02,I_01_09_06_01,I_01_09_06_02,I_01_09_07,I_01_09_08,I_01_16_01_01,I_01_18_01_01,I_01_18_01_02,I_01_18_01_03,I_01_18_02,I_01_20_03_01,I_01_20_03_02,I_01_20_03_03,I_01_21,I_01_24,I_01_25,I_01_26_01_01,I_01_26_02,I_01_27,I_01_28,I_01_30_01_01,I_01_31,I_01_33_01,I_01_33_02_01,I_01_35,I_01_36,I_01_38_01_01,I_01_38_02_01,I_01_40,I_01_41,I_01_43,I_01_44,I_01_45_01_01,I_01_46_01_01,I_01_47_01_01,I_01_48_01_01,I_01_48_02,I_01_49_01,I_01_49_02_01,I_01_50_01_01,I_01_52_01_01,I_01_53_01_01,I_01_54_01_01,I_01_55_01_01,I_01_56_01_01"
"Mamu-A1_015g","A1_015_01,A1_026_04_01_01,A1_057_03,A1_057_05"
"Mamu-A1_048g","A1_048_01_01,A1_048_01_02_01,A1_048_01_02_02,A1_048_01_03_01,A1_120_01"
"Mamu-A3_13g1","A3_13_01_01_01,A3_13_02_01_01,A3_13_02_01_02,A3_13_04,A3_13_06_01_01,A3_13_07,A3_13_13,A3_13_14_01_01,A4_14_06"
"Mamu-B_006g","B_006_01_01_01,B_006_01_01_02,B_006_02_01_01"
"Mamu-B_002g","B_002_01_01_01,B_002_01_01_02,B_002_02"
"Mamu-B_019g1","B_019_01_01_01,B_019_01_01_02,B_019_01_02Sp,B_019_01_03_01,B_019_03,B_019_05,B_019_06,B_019_07"
"Mamu-B_022g","B_022_01_01_01,B_022_01_01_02,B_022_02"
"Mamu-B_046g1","B_046_01_01,B_046_02_02,B_046_09_01_01,B_046_15_01_01,B_046_15_01_02,B_046_15_01_03,B_046_15_01_04,B_046_15_01_05,B_046_15_01_06,B_046_15_01_07"
"Mamu-B_051g1","B_051_02_01_01,B_051_02_01_02,B_051_25_01_01"
"Mamu-B_051g2","B_051_04_01_01,B_051_04_02_01,B_051_04_02_02,B_051_04_02_03,B_051_04_02_04,B_051_14_01_01,B_051_21_01_01"
"Mamu-B_053g","B_053_02_01_01,B_053_02_01_02,B_053_02_01_03,B_053_03_01_01,B_053_04_01_01"
"Mamu-B_060g3","B_060_01_01_01,B_060_01_01_02,B_060_19_01_01N"
"Mamu-B_063g1","B_063_03_01_01,B_063_03_01_02"
"Mamu-B_068g1","B_068_01_01_01,B_068_01_01_02,B_068_01_01_03"
"Mamu-B_068g2","B_068_01_02_01,B_068_01_03,B_068_02_01_01,B_068_02_01_02,B_068_02_01_03,B_068_02_01_04,B_068_02_01_05,B_068_02_02,B_068_05"
"Mamu-B_079g1","B_079_02_01_01,B_079_02_01_02"
"Mamu-B_098g1","B_098_12_01_01,B_098_12_01_02,B_098_12_01_03"
"Mamu-B_162g","B_162_01_01_01,B_162_02_01_01,B_162_02_01_02"
"Mamu-B_012g","B_012_01_01_01,B_012_01_01_02,B_012_01_01_03"
"Mamu-B_097g","B_097_01_01_01,B_097_01_02_01,B_097_01_02_02,B_097_01_02_03"
"Mamu-B_188g","B_188_01,B_188_02_01_01N,B_188_02_01_02N"
"Mamu-A1_018g1","A1_018_01_01_01,A1_018_01_01_02,A1_018_05_01_01,A1_018_09,A1_018_10"
"Mamu-A1_018g2","A1_018_02_01_01,A1_018_02_01_02,A1_018_02_01_03,A1_018_02_01_04,A1_018_07,A1_018_11"
"Mamu-A1_018g3","A1_018_03_01_01,A1_018_03_01_02,A1_018_03_01_03,A1_018_06,A1_018_12_01_01"
"Mamu-A1_026g1","A1_026_01_01_01,A1_026_01_01_02,A1_026_01_01_03"
"Mamu-A1_028g1","A1_028_03_01_01,A1_028_03_01_02,A1_028_03_01_03,A1_028_03_01_04"
"Mamu-A1_051g","A1_051_01_01_01,A1_051_01_01_02,A1_051_01_01_03"
"Mamu-A1_052g","A1_052_01_01_01,A1_052_01_01_02,A1_052_02,A1_052_03"
"Mamu-A1_033g","A1_033_01,A1_033_02,A1_057_01_01_01,A1_057_01_01_02,A1_057_04"
"Mamu-A2_05g1","A2_05_50_01,A2_05_50_02_01,A2_05_50_02_02"
"Mamu-A2_05g2","A2_05_03_01_01,A2_05_03_01_02,A2_05_03_01_03,A2_05_03_03,A2_05_04_01_01,A2_05_04_02_01,A2_05_04_03,A2_05_05_01,A2_05_05_02_01,A2_05_10_01_01,A2_05_11_01_01,A2_05_12,A2_05_14,A2_05_17,A2_05_19_01_01,A2_05_20_01,A2_05_20_02_01,A2_05_21,A2_05_22,A2_05_24,A2_05_25,A2_05_28,A2_05_29_01_01,A2_05_32_01,A2_05_32_02,A2_05_34,A2_05_35,A2_05_37_01_01,A2_05_39,A2_05_40,A2_05_41,A2_05_48,A2_05_49,A2_05_54,A2_05_55_01_01,A2_05_55_01_02"
"Mamu-A1_043g1","A1_043_03,A1_121_01,A4_01_01_01_01,A4_01_01_01_02,A4_01_03"
"Mamu-A3_13g2","A3_13_08_01_01,A3_13_09_01_01N,A3_13_12,A4_01_02_01_01N,A4_01_02_02,A4_02_02_01_01N,A4_02_02_01_02N,A4_02_03,A4_02_05_01_01N"
"Mamu-A3_13g3","A3_13_05,A3_13_10_01_01,A4_03_01,A4_03_02_01_01N,A4_03_02_01_02N"
"Mamu-B_001g2","B_001_01_02_01,B_001_01_02_02,B_001_03"
"Mamu-B_003g","B_003_01_01_01,B_003_01_01_02,B_003_01_02,B_003_02"
"Mamu-B_005g","B_005_01_01_01N,B_005_02_01_01N,B_005_02_01_02N,B_005_02_01_03N,B_005_02_01_04N"
"Mamu-B_010g","B_010_01_01_01,B_010_01_01_02"
"Mamu-B_013g1","B_013_01_01_01,B_013_01_01_02"
"Mamu-B_013g2","B_013_03_01_01,B_013_03_01_02"
"Mamu-B_015g1","B_015_04_01_01,B_015_04_02,B_015_05_01_01,B_015_05_01_02,B_015_05_01_03"
"Mamu-B_027g","B_027_03_01_01,B_027_04_01_01,B_027_04_01_02"
"Mamu-B_034g","B_034_01_01_01,B_034_01_01_02,B_034_02_01_01,B_034_03,B_034_05"
"Mamu-B_035g","B_035_01_01_01,B_035_01_01_02,B_035_02,B_049_01_01_01"
"Mamu-B_044g","B_044_01_01_01,B_044_01_02,B_044_02,B_044_03_01_01,B_044_03_02_01,B_044_04_01_01,B_044_05_01_01,B_044_06,B_044_07,B_044_08"
"Mamu-B_045g2","B_045_02_01_01,B_045_02_01_02"
"Mamu-B_045g3","B_045_08_01_01,B_045_08_02_01,B_045_09_01_01,B_045_09_01_02,B_045_09_01_03"
"Mamu-B_046g2","B_046_01_02_01,B_046_01_02_02,B_046_01_03,B_046_01_04,B_046_02_01,B_046_08"
"Mamu-B_046g3","B_046_03_01_01,B_046_03_03,B_046_05_01_01,B_046_07,B_046_10,B_046_14,B_046_17,B_046_18_01_01,B_046_18_01_02,B_046_18_01_03,B_046_20_01_01,B_046_21"
"Mamu-B_050g","B_050_02_01_01,B_050_02_01_02,B_050_02_01_03,B_050_03_01_01,B_050_04_01_01,B_078_01_01_01"
"Mamu-B_054g","B_054_01_01_01,B_054_01_01_02"
"Mamu-B_061g1","B_061_02_01_01,B_061_02_01_02,B_061_03,B_061_04,B_061_05"
"Mamu-B_065g2","B_065_03_01_01,B_065_03_01_02,B_065_03_01_03"
"Mamu-B_067g","B_067_01_01_01,B_067_01_01_02,B_067_01_02,B_067_02"
"Mamu-B_068g3","B_068_03_01_01,B_068_03_01_02,B_068_03_02_01,B_068_03_02_02,B_068_06"
"Mamu-B_074g","B_074_01_01_01,B_074_01_01_02,B_074_02_01_01,B_074_02_02_01,B_074_03_01_01,B_074_05_01_01,B_074_06_01_01,B_074_07_01_01"
"Mamu-B_077g1","B_077_02_01_01,B_077_02_01_02"
"Mamu-B_080g","B_080_01_01_01,B_080_01_01_02,B_080_01_01_03"
"Mamu-B_082g1","B_082_01_01_01,B_082_03_01_01,B_082_03_01_02,B_082_04,B_082_05,B_082_06_01,B_082_06_02,B_082_07_01_01,B_082_10,B_082_11"
"Mamu-B_083g","B_083_01_01_01,B_083_01_01_02,B_083_01_01_03"
"Mamu-B_086g1","B_086_03,B_086_05_01_01,B_086_05_01_02"
"Mamu-B_088g1","B_088_01_02_01,B_088_01_02_02"
"Mamu-B_090g1","B_090_01_01_01,B_090_01_01_02"
"Mamu-B_090g2","B_090_02_01,B_090_02_02_01,B_090_02_02_02"
"Mamu-B_098g2","B_098_02_01_01,B_098_02_02_01,B_098_02_02_02,B_098_05"
"Mamu-B_098g3","B_098_06_01_01,B_098_06_02_01,B_098_06_02_02,B_098_06_02_03,B_098_06_03_01,B_098_07,B_098_08_01_01,B_098_15_01_01"
"Mamu-B_109g1","B_109_01_01_01,B_109_01_01_02"
"Mamu-B_115g","B_115_01_01_01,B_115_02_01_01,B_115_02_01_02"
"Mamu-B_116g","B_116_01_01_01,B_116_01_01_02,B_116_02"
"Mamu-B_178g","B_178_01_01_01N,B_178_02_01_01N,B_178_02_01_02N"
"Mamu-A7_01g2","A7_01_03_01_01,A7_01_03_01_02,A7_01_03_01_03,A7_01_03_01_04"
"Mamu-A6_01g","A6_01_01,A6_01_02,A6_01_03_01,A6_01_03_02_01,A6_01_04_01_01,A6_01_05_01_01,A6_01_06,A6_01_07_01_01,A6_01_07_01_02,A6_01_07_01_03,A6_01_08,A6_01_09_01_01,A6_01_10_01_01"
"Mamu-A4_14g2","A4_14_04_01_01N,A4_14_04_01_02N,A4_14_04_01_03N,A4_14_04_02_01N,A4_14_13N,A4_14_16"
"Mamu-A1_028g2","A1_028_04_01,A1_028_04_02,A1_028_05,A1_028_09_01_01"
"Mamu-A2_05g3","A2_05_01_01_01,A2_05_01_01_02,A2_05_01_05_01,A2_05_02_02_01,A2_05_02_05_01,A2_05_09,A2_05_16_01,A2_05_27_01_01,A2_05_52,A2_05_56_01_01,A2_05_58_01_01"
"Mamu-A3_13g4","A3_13_03_01_01,A3_13_03_01_02,A3_13_11,A3_13_15_01_01"
"Mamu-A4_14g3","A4_14_10,A4_14_25_01_01N,A4_14_25_01_02N,A4_14_26_01_01N"
"Mamu-B_024g","B_024_01_01_01,B_024_01_01_02"
"Mamu-B_029g1","B_029_01_01_01,B_029_01_01_02,B_029_01_02_01,B_029_02"
"Mamu-B_030g2","B_030_02_01_01,B_030_02_01_02,B_030_02_01_03,B_030_02_01_04,B_030_05"
"Mamu-B_046g4","B_046_19,B_046_23_01_01"
"Mamu-B_051g3","B_051_05_01_01,B_051_26_01_01"
"Mamu-B_061g2","B_061_01_01_01,B_061_01_01_02,B_061_01_01_03,B_061_06"
"Mamu-B_065g3","B_065_01_01_01,B_065_05_01_01,B_065_09_01_01"
"Mamu-B_070g1","B_070_01_01_01,B_070_01_01_02,B_070_06,B_070_09_01_01"
"Mamu-B_070g2","B_070_02_01_01,B_070_03_01_01,B_070_03_01_02,B_070_03_01_03,B_070_03_01_04,B_070_04,B_070_05_01_01,B_070_07_01_01,B_070_10_01_01,B_070_11_01_01"
"Mamu-B_079g2","B_079_01_01_01,B_079_01_02_01,B_079_01_02_02,B_079_01_03_01,B_079_06_01_01"
"Mamu-B_072g3","B_072_03,B_088_05_01_01"
"Mamu-A1_023g","A1_023_01_01_01,A1_023_02,A1_023_03_01_01,A1_106_01"
"Mamu-A2_05g4","A2_05_02_01_01,A2_05_02_03,A2_05_02_04,A2_05_02_06_01,A2_05_02_07_01,A2_05_07_01_01,A2_05_16_02,A2_05_33,A2_05_51"
"Mamu-A2_05g5","A2_05_13_01,A2_05_13_02_01,A2_05_15_02,A2_05_15_03,A2_05_15_04,A2_05_15_05_01,A2_05_30,A2_05_46"
"Mamu-B_051g4","B_051_03_01_01,B_051_03_01_02,B_051_03_01_03,B_051_03_02_01,B_051_03_02_02,B_051_03_02_03,B_051_09_01_01,B_051_15_01_01,B_051_18,B_051_20_01_01,B_051_22"
"Mamu-B_052g","B_052_01_01_01,B_052_02_01_01"
"Mamu-B_098g4","B_098_01_01_01,B_098_01_01_02,B_098_01_02_01,B_098_01_02_02,B_098_01_03,B_098_04,B_098_09_01_01,B_098_10_01_01,B_098_10_02_01,B_098_11_01_01,B_098_13,B_098_14"
"Mamu-B_106g","B_106_02,B_106_03_01_01"
"Mamu-B16_01g1","B16_01_04,B16_01_05,B16_01_07,B16_01_08,B16_01_11_01_01,B16_01_12_01_01,B16_01_13_01_01,B16_01_14_01_01"
"Mamu-I_01g2","I_01_09_05,I_01_16_02_01,I_01_23,I_01_34_01_01,I_01_34_02,I_01_34_03,I_01_34_04_01,I_01_37_01_01"
"Mamu-B_072g4","B_072_06_01_01,B_072_12_01_01"
"Mamu-B16_01g2","B16_01_02,B16_01_09,B16_01_15_01_01,B16_01_17_01_01,B16_01_17_01_02"
"Mamu-DPA1_02g1","DPA1_02_02_01,DPA1_02_02_02"
"Mamu-DPA1_02g2","DPA1_02_01,DPA1_02_04,DPA1_02_05,DPA1_02_06,DPA1_02_07_01,DPA1_02_07_02,DPA1_02_09,DPA1_02_12,DPA1_02_18"
"Mamu-DPA1_06g","DPA1_06_01_01,DPA1_06_01_02,DPA1_06_02,DPA1_06_03"
"Mamu-A1_022g","A1_022_01_01_01,A1_022_02,A1_022_04,A1_022_07"
"Mamu-A1_032g","A1_032_01_01_01,A1_032_01_02_01,A1_032_04_01,A1_032_04_02_01,A1_032_05,A1_032_06,A1_032_07"
"Mamu-A2_01g","A2_01_01,A2_01_02_01,A2_01_02_02,A2_01_03,A2_01_04"
"Mamu-B_081g","B_081_01_01_01,B_081_02"
"Mamu-B_086g2","B_086_01_01_01,B_086_02_01_01,B_086_04,B_086_06_01_01"
"Mamu-B_048g2","B_048_02,B_048_03_01_01"
"Mamu-B_019g2","B_019_02,B_019_04"
"Mamu-B_087g","B_087_01_01_01,B_087_01_02"
"Mamu-B_088g2","B_088_01_01_01,B_088_01_03,B_088_04"
"Mamu-B_089g","B_089_01_01,B_089_01_02,B_089_02"
"Mamu-DRB3_04g1","DRB3_04_11,DRB3_04_16_01,DRB3_04_16_02"
"Mamu-DRB3_04g2","DRB3_04_10,DRB3_04_15_01,DRB3_04_15_02"
"Mamu-DRB1_04g1","DRB1_04_12,DRB1_04_19N"
"Mamu-DQB1_06g1","DQB1_06_02_01,DQB1_06_02_02,DQB1_06_14,DQB1_06_24,DQB1_06_25"
"Mamu-F_02g1","F_02_01,F_02_04_03,F_02_08_02,F_02_16,F_02_18"
"Mamu-E_02g1","E_02_20,E_02_30"
"Mamu-E_02g2","E_02_01_02,E_02_07,E_02_10,E_02_11,E_02_14,E_02_17,E_02_18,E_02_19"
"Mamu-B_092g","B_092_01_01_01,B_092_02_01_01,B_092_03"
"Mamu-DRB_W026g","DRB_W026_03,DRB_W026_04"
"Mamu-DRB1_03g1","DRB1_03_06_01_01,DRB1_03_26_01_01"
"Mamu-DRB1_04g2","DRB1_04_03,DRB1_04_17"
"Mamu-A1_056g1","A1_056_03,A1_056_05"
"Mamu-A1_043g2","A1_043_01,A1_112_01"
"Mamu-A1_092g","A1_092_01,A1_092_03"
"Mamu-A1_085g","A1_085_01,A1_085_03,A1_085_04,A1_085_05"
"Mamu-A1_001g2","A1_001_03,A1_001_04,A1_001_06_01_01"
"Mamu-A1_003g2","A1_003_03,A1_003_11,A1_003_15"
"Mamu-A1_003g3","A1_003_04_01_01,A1_019_04_01,A1_019_04_02_01,A1_019_06_01_01"
"Mamu-A1_026g2","A1_026_02_01,A1_026_02_02,A1_026_03"
"Mamu-A1_040g","A1_040_01,A1_040_03,A1_040_04,A1_040_05"
"Mamu-A1_049g","A1_049_01,A1_049_02_01_01,A1_049_02_02,A1_049_03,A1_049_04,A1_049_05"
"Mamu-A1_056g2","A1_056_01,A1_056_02_01,A1_056_02_02,A1_056_04"
"Mamu-A2_05g6","A2_05_15_01,A2_05_23"
"Mamu-A2_05g7","A2_05_04_04_01,A2_05_18,A2_05_31_01_01,A2_05_38,A2_05_45"
"Mamu-A5_30g1","A5_30_01_01,A5_30_03,A5_30_04_01,A5_30_04_02,A5_30_04_03,A5_30_05,A5_30_06"
"Mamu-A5_30g2","A5_30_02_01,A5_30_02_02"
"Mamu-A1_006g","A1_006_02_01_01,A1_006_03"
"Mamu-A1_007g1","A1_007_01_01_01,A1_007_03,A1_007_07"
"Mamu-A1_007g2","A1_007_02,A1_007_06"
"Mamu-A1_074g1","A1_074_01_01_01,A1_074_06"
"Mamu-A2_05g8","A2_05_36_01_01,A2_05_43"
"Mamu-B_082g2","B_082_02_01_01,B_082_09"
"Mamu-I_01g3","I_01_19_01_01,I_01_20_01_01"
"Mamu-F_02g2","F_02_03_01,F_02_03_02,F_02_05,F_02_12"
"Mamu-E_02g3","E_02_12_01,E_02_28"
"Mamu-E_02g4","E_02_13,E_02_21,E_02_29"
"Mamu-DPA1_08g","DPA1_08_01,DPA1_08_02,DPA1_08_03"
"Mamu-DPB1_03g","DPB1_03_01,DPB1_03_02"
"Mamu-A1_041g","A1_041_02_01_01,A1_041_02_02"
"Mamu-B17_01g1","B17_01_01_07,B17_01_02_01,B17_01_02_02,B17_01_04_01,B17_01_06_01,B17_01_06_02,B17_01_10_01_01,B17_01_12_01_01,B17_01_14"
"Mamu-B17_01g2","B17_01_01_01,B17_01_01_02,B17_01_01_03,B17_01_01_04,B17_01_01_05,B17_01_01_06,B17_01_01_08,B17_01_03_01,B17_01_03_02,B17_01_04_02,B17_01_05,B17_01_08,B17_01_11,B17_01_13"
"Mamu-B17_01g3","B17_01_07_01,B17_01_07_02"
"Mamu-B17_01g4","B17_01_09,B17_01_15"
"Mamu-B11L_01g1","B11L_01_01_02,B11L_01_02,B11L_01_04_01_01,B11L_01_05_01_01"
"Mamu-B11L_01g2","B11L_01_03,B11L_01_09,B11L_01_10_01_01"
"Mamu-B11L_01g3","B11L_01_06_01_01,B11L_01_07,B11L_01_11_01_01"
"Mamu-A1_074g2","A1_074_02,A1_074_03_01_01"
"Mamu-B_031g","B_031_01_01_01,B_031_02_01_01"
"Mamu-A1_091g","A1_091_02_01_01,A1_091_03"
"Mamu-B_075g2","B_075_01,B_075_02,B_075_03_01_01"
"Mamu-B_046g5","B_046_04_01_01,B_046_13_01_01,B_046_16"
"Mamu-DPB1_19g1","DPB1_19_01_01,DPB1_19_01_02,DPB1_19_03"
"Mamu-DQB1_15g1","DQB1_15_04,DQB1_15_06"
"Mamu-DQB1_18g1","DQB1_18_13,DQB1_18_19_01,DQB1_18_19_02"
"Mamu-A1_065g","A1_065_01_01_01,A1_065_02,A1_065_04,A1_065_05"
"Mamu-B_011g","B_011_01,B_011_02,B_011_03,B_011_04"
"Mamu-B_051g5","B_051_01_01_01,B_051_17_01_01"
"Mamu-B_057g","B_057_02,B_057_03,B_057_04,B_057_05_01_01"
"Mamu-B_077g2","B_077_01_01,B_077_01_02_01"
"Mamu-B_015g2","B_015_01,B_015_02_01_01,B_015_03"
"Mamu-B_016g","B_016_01_01_01,B_016_02"
"Mamu-B_021g","B_021_01,B_021_02,B_021_03,B_021_04"
"Mamu-B_025g","B_025_01_01_01,B_025_01_02"
"Mamu-B_028g","B_028_02_01,B_028_02_02,B_028_03"
"Mamu-B_038g","B_038_01_01_01,B_038_01_02"
"Mamu-B_047g1","B_047_01_01_01,B_047_01_02,B_047_05_01_01"
"Mamu-B_047g2","B_047_02,B_047_04,B_071_01_01_01,B_071_02"
"Mamu-B_063g2","B_063_01_01,B_063_01_02,B_063_02_02"
"Mamu-B_068g4","B_068_04_01_01,B_068_07,B_068_08_01_01"
"Mamu-B_073g","B_073_01_01_01,B_073_02"
"Mamu-B_085g","B_085_02_01_01,B_085_04"
"Mamu-B_046g6","B_046_03_02,B_046_22"
"Mamu-B_076g2","B_076_01_01_01,B_076_01_02"
"Mamu-F_02g3","F_02_02,F_02_04_01,F_02_04_02,F_02_06,F_02_07_01,F_02_07_02,F_02_07_03,F_02_09,F_02_10,F_02_11,F_02_13,F_02_15,F_02_17"
"Mamu-B16_01g3","B16_01_03,B16_01_10"
"Mamu-DQA1_24g1","DQA1_24_05,DQA1_24_06"
"Mamu-E_02g5","E_02_09,E_02_27"
"Mamu-A1_028g3","A1_028_06,A1_028_07_01_01,A1_028_08"
"Mamu-A1_108g","A1_108_01,A1_108_02_01_01N"
"Mamu-A1_105g","A1_105_02,A1_105_03,A1_105_04"
"Mamu-A1_110g","A1_110_01,A1_111_01"
"Mamu-DQB1_06g2","DQB1_06_05,DQB1_06_18"
"Mamu-DQB1_27g","DQB1_27_01,DQB1_27_02,DQB1_27_06"
"Mamu-DQB1_26g1","DQB1_26_04_01,DQB1_26_07,DQB1_26_08"
"Mamu-B_105g","B_105_01,B_156_01"
"Mamu-B_029g2","B_029_03,B_029_04"
"Mamu-B_051g6","B_051_06,B_051_07"
"Mamu-B_056g2","B_056_03_01_01,B_056_07,B_056_08_01_01"
"Mamu-B_124g","B_124_01_01_01,B_124_02"
"Mamu-DPA1_04g","DPA1_04_03_01,DPA1_04_03_02,DPA1_04_05"
"Mamu-DQB1_18g2","DQB1_18_01,DQB1_18_25"
"Mamu-DRB_W003g","DRB_W003_03_01,DRB_W003_03_02"
"Mamu-B_147g","B_147_01,B_147_02,B_147_03"
"Mamu-A1_090g","A1_090_01,A1_090_03"
"Mamu-A1_043g3","A1_043_02_01,A1_043_02_02,A1_043_04,A1_043_05,A1_043_06"
"Mamu-DPB1_01g1","DPB1_01_01,DPB1_01_06,DPB1_01_17"
"Mamu-DPB1_07g1","DPB1_07_01,DPB1_07_07"
"Mamu-B_149g","B_149_01,B_149_02_01_01"
"Mamu-DPB1_07g2","DPB1_07_02_01,DPB1_07_02_02"
"Mamu-B_137g","B_137_01_01_01,B_137_01_02"
"Mamu-DPB1_06g","DPB1_06_02,DPB1_06_06,DPB1_06_07"
"Mamu-DPB1_15g","DPB1_15_01,DPB1_15_02"
"Mamu-DPB1_02g","DPB1_02_01,DPB1_02_04_01,DPB1_02_04_02"
"Mamu-DQA1_01g1","DQA1_01_04_01,DQA1_01_04_02"
"Mamu-DQA1_01g2","DQA1_01_05_01,DQA1_01_05_03"
"Mamu-DPB1_07g3","DPB1_07_03_01,DPB1_07_03_02"
"Mamu-DQA1_26g1","DQA1_26_02_01,DQA1_26_02_02,DQA1_26_06,DQA1_26_09"
"Mamu-DQA1_01g3","DQA1_01_06,DQA1_01_11"
"Mamu-DQA1_01g4","DQA1_01_08,DQA1_01_10"
"Mamu-DQA1_24g2","DQA1_24_01_01,DQA1_24_01_02,DQA1_24_09"
"Mamu-DQA1_26g2","DQA1_26_03,DQA1_26_07,DQA1_26_08_01,DQA1_26_10,DQA1_26_11"
"Mamu-DRB_W006g","DRB_W006_09_02,DRB_W006_09_03"
"Mamu-DRB1_10g","DRB1_10_13,DRB1_10_18"
"Mamu-DQB1_06g3","DQB1_06_06_01,DQB1_06_06_02"
"Mamu-DQB1_17g","DQB1_17_07,DQB1_17_13,DQB1_17_14"
"Mamu-DQB1_06g4","DQB1_06_11_01,DQB1_06_23"
"Mamu-DQB1_15g2","DQB1_15_01_01,DQB1_15_01_02,DQB1_15_03"
"Mamu-DQB1_26g2","DQB1_26_03,DQB1_26_05"
"Mamu-DQB1_18g3","DQB1_18_02,DQB1_18_27"
"Mamu-DQB1_18g4","DQB1_18_03,DQB1_18_04"
"Mamu-DRB_W001g1","DRB_W001_05_01,DRB_W001_05_02"
"Mamu-DRB_W025g","DRB_W025_10,DRB_W025_11,DRB_W025_12"
"Mamu-DRB_W002g","DRB_W002_01_01_01,DRB_W002_05"
"Mamu-DRB_W004g","DRB_W004_02_01,DRB_W004_07"
"Mamu-DRB_W027g","DRB_W027_08,DRB_W027_09"
"Mamu-DRB1_03g2","DRB1_03_13_02,DRB1_03_18"
"Mamu-DRB1_07g","DRB1_07_03_02,DRB1_07_05"
"Mamu-B_187g","B_187_01,B_187_03_01_01"
"Mamu-B_150g","B_150_01,B_150_02_01_01"
"Mamu-DPA1_07g1","DPA1_07_03,DPA1_07_10"
"Mamu-DPA1_07g2","DPA1_07_02,DPA1_07_06"
"Mamu-DPA1_02g3","DPA1_02_10,DPA1_02_19,DPA1_02_21"
"Mamu-DPA1_02g4","DPA1_02_11,DPA1_02_17"
"Mamu-DRB_W001g2","DRB_W001_01,DRB_W001_06"
"Mamu-B_142g","B_142_02_01_01,B_142_03_01_01"
"Mamu-B_151g","B_151_01_01_01,B_151_03"
"Mamu-DPB1_19g2","DPB1_19_04,DPB1_19_05"
"Mamu-DPB1_01g2","DPB1_01_10,DPB1_01_16"
"Mamu-DPA1_07g3","DPA1_07_05,DPA1_07_07,DPA1_07_08"
"Mamu-DPB1_01g3","DPB1_01_09,DPB1_01_15"
"Mamu-DPB1_01g4","DPB1_01_11,DPB1_01_14"
"Mamu-DPB1_01g5","DPB1_01_12,DPB1_01_13"
"Mamu-E_02g6","E_02_02,E_02_22,E_02_23,E_02_24"
"Mamu-E_02g7","E_02_03,E_02_08,E_02_25_01,E_02_25_02"
"Mamu-E_02g8","E_02_04,E_02_06"
"Mamu-B_072g5","B_072_05_01,B_072_05_02_01"
"Mamu-B_051g7","B_051_12,B_051_13,B_051_23"
"Mamu-B_060g4","B_060_08_01_01,B_060_11_01_01,B_060_12_01_01"
"Mamu-B_180g","B_180_01_01_01,B_180_02,B_180_03_01_01"
"Mamu-B_079g3","B_079_04,B_079_05_01_01"
"Mamu-B_109g2","B_109_03_01_01,B_109_04_01_01"
"Mamu-B_134g1","B_134_03_01_01,B_134_04_01_01,B_134_06_01_01"
"Mamu-B_134g2","B_134_02_01,B_134_02_02_01"
"Mamu-B_060g5","B_060_10_01,B_060_10_02"
